DATE,jp_cpi_index
1955-01-01,17.098589999999998
1955-02-01,17.098589999999998
1955-03-01,16.98852
1955-04-01,17.135279999999998
1955-05-01,16.97017
1955-06-01,16.98852
1955-07-01,16.915129999999998
1955-08-01,17.02521
1955-09-01,17.098589999999998
1955-10-01,17.20867
1955-11-01,16.80506
1955-12-01,16.73167
1956-01-01,16.8234
1956-02-01,16.97017
1956-03-01,17.00686
1956-04-01,17.04355
1956-05-01,16.97017
1956-06-01,17.31875
1956-07-01,16.97017
1956-08-01,17.0619
1956-09-01,17.20867
1956-10-01,17.3004
1956-11-01,17.00686
1956-12-01,17.19032
1957-01-01,17.37379
1957-02-01,17.33709
1957-03-01,17.392129999999998
1957-04-01,17.50221
1957-05-01,17.648979999999998
1957-06-01,17.59394
1957-07-01,17.79575
1957-08-01,17.92417
1957-09-01,17.83244
1957-10-01,17.7774
1957-11-01,17.5389
1957-12-01,17.50221
1958-01-01,17.5389
1958-02-01,17.392129999999998
1958-03-01,17.31875
1958-04-01,17.392129999999998
1958-05-01,17.37379
1958-06-01,17.57559
1958-07-01,17.50221
1958-08-01,17.685670000000002
1958-09-01,17.59394
1958-10-01,17.74071
1958-11-01,17.55725
1958-12-01,17.5389
1959-01-01,17.55725
1959-02-01,17.48386
1959-03-01,17.5389
1959-04-01,17.63063
1959-05-01,17.50221
1959-06-01,17.63063
1959-07-01,17.648979999999998
1959-08-01,17.92417
1959-09-01,17.75905
1959-10-01,17.99755
1959-11-01,17.905820000000002
1959-12-01,17.905820000000002
1960-01-01,18.12598
1960-02-01,18.14432
1960-03-01,18.08928
1960-04-01,18.19936
1960-05-01,18.36448
1960-06-01,18.29109
1960-07-01,18.27275
1960-08-01,18.41951
1960-09-01,18.56628
1960-10-01,18.65801
1960-11-01,18.40117
1960-12-01,18.54794
1961-01-01,18.80478
1961-02-01,18.89651
1961-03-01,18.859820000000003
1961-04-01,19.04328
1961-05-01,18.95155
1961-06-01,18.95155
1961-07-01,19.26344
1961-08-01,19.41021
1961-09-01,19.52028
1961-10-01,19.94224
1961-11-01,20.03397
1961-12-01,20.21744
1962-01-01,20.34586
1962-02-01,20.27247
1962-03-01,20.30917
1962-04-01,20.52932
1962-05-01,20.6394
1962-06-01,20.56601
1962-07-01,20.76782
1962-08-01,20.76782
1962-09-01,20.69444
1962-10-01,20.85955
1962-11-01,20.78617
1962-12-01,21.20813
1963-01-01,21.5567
1963-02-01,21.65424
1963-03-01,21.75179
1963-04-01,21.84933
1963-05-01,22.02003
1963-06-01,22.19072
1963-07-01,22.04441
1963-08-01,21.97125
1963-09-01,22.41019
1963-10-01,22.33704
1963-11-01,22.23949
1963-12-01,22.33704
1964-01-01,22.361420000000003
1964-02-01,22.33704
1964-03-01,22.43458
1964-04-01,22.702820000000003
1964-05-01,22.80036
1964-06-01,22.75159
1964-07-01,22.62966
1964-08-01,22.87351
1964-09-01,23.16614
1964-10-01,23.58069
1964-11-01,23.38561
1964-12-01,23.38561
1965-01-01,23.8977
1965-02-01,23.84893
1965-03-01,23.99524
1965-04-01,24.50734
1965-05-01,24.36102
1965-06-01,24.31225
1965-07-01,24.19033
1965-08-01,24.31225
1965-09-01,24.65365
1965-10-01,24.97066
1965-11-01,24.72681
1965-12-01,24.8975
1966-01-01,25.14136
1966-02-01,25.33644
1966-03-01,25.43398
1966-04-01,25.72661
1966-05-01,25.55591
1966-06-01,25.60468
1966-07-01,25.67784
1966-08-01,25.48275
1966-09-01,25.77538
1966-10-01,25.94608
1966-11-01,25.75099
1966-12-01,25.99485
1967-01-01,26.287470000000003
1967-02-01,26.4094
1967-03-01,26.458170000000003
1967-04-01,26.53133
1967-05-01,26.36063
1967-06-01,26.21432
1967-07-01,26.18993
1967-08-01,26.4094
1967-09-01,26.82395
1967-10-01,27.28727
1967-11-01,27.26289
1967-12-01,27.45797
1968-01-01,27.67744
1968-02-01,27.79937
1968-03-01,27.84814
1968-04-01,27.9213
1968-05-01,27.9213
1968-06-01,27.67744
1968-07-01,27.67744
1968-08-01,27.9213
1968-09-01,28.55532
1968-10-01,28.5797
1968-11-01,28.65286
1968-12-01,28.53093
1969-01-01,28.62847
1969-02-01,28.62847
1969-03-01,28.9211
1969-04-01,29.21372
1969-05-01,29.23811
1969-06-01,29.28688
1969-07-01,29.65266
1969-08-01,29.9209
1969-09-01,30.14037
1969-10-01,30.28668
1969-11-01,30.16475
1969-12-01,30.35984
1970-01-01,30.84754
1970-02-01,30.84754
1970-03-01,31.15297
1970-04-01,31.45839
1970-05-01,31.35658
1970-06-01,31.35658
1970-07-01,31.35658
1970-08-01,31.25477
1970-09-01,31.76381
1970-10-01,32.27284
1970-11-01,32.27284
1970-12-01,32.47646
1971-01-01,32.78188
1971-02-01,32.78188
1971-03-01,32.88369
1971-04-01,33.29091
1971-05-01,33.392720000000004
1971-06-01,33.49453
1971-07-01,33.49453
1971-08-01,33.49453
1971-09-01,34.30898
1971-10-01,34.410790000000006
1971-11-01,34.10537
1971-12-01,34.10537
1972-01-01,34.10537
1972-02-01,34.30898
1972-03-01,34.61441
1972-04-01,35.02163
1972-05-01,35.12344
1972-06-01,35.12344
1972-07-01,35.12344
1972-08-01,35.42886
1972-09-01,35.63248
1972-10-01,35.836090000000006
1972-11-01,35.73428
1972-12-01,36.0397
1973-01-01,36.34513
1973-02-01,36.65055
1973-03-01,37.56681
1973-04-01,38.27946
1973-05-01,38.8903
1973-06-01,38.99211
1973-07-01,39.29753
1973-08-01,39.60295
1973-09-01,40.72283
1973-10-01,40.92645
1973-11-01,41.23186
1973-12-01,42.55536
1974-01-01,44.387890000000006
1974-02-01,45.81318
1974-03-01,46.11861
1974-04-01,47.23848
1974-05-01,47.4421
1974-06-01,47.74752
1974-07-01,48.66378
1974-08-01,49.17282
1974-09-01,49.88547
1974-10-01,51.00534
1974-11-01,51.41257
1974-12-01,51.51438
1975-01-01,52.12522
1975-02-01,52.22703
1975-03-01,52.63426
1975-04-01,53.55052
1975-05-01,53.85594
1975-06-01,53.85594
1975-07-01,54.05956
1975-08-01,53.85594
1975-09-01,55.077630000000006
1975-10-01,55.89209
1975-11-01,55.68847
1975-12-01,55.68847
1976-01-01,56.70654
1976-02-01,57.11377
1976-03-01,57.31738000000001
1976-04-01,58.64088
1976-05-01,58.84449
1976-06-01,58.9463
1976-07-01,59.35352
1976-08-01,58.9463
1976-09-01,60.4734
1976-10-01,60.77882
1976-11-01,60.77882
1976-12-01,61.49146999999999
1977-01-01,62.00051
1977-02-01,62.40774
1977-03-01,62.71316
1977-04-01,63.73123
1977-05-01,64.34206999999999
1977-06-01,64.13846
1977-07-01,63.93484
1977-08-01,64.03665
1977-09-01,65.05471999999999
1977-10-01,65.46195
1977-11-01,64.7493
1977-12-01,64.64749
1978-01-01,64.8511
1978-02-01,65.25834
1978-03-01,65.76737
1978-04-01,66.48002
1978-05-01,66.88725
1978-06-01,66.58183000000001
1978-07-01,66.78544000000001
1978-08-01,66.98906
1978-09-01,67.70170999999999
1978-10-01,67.80351
1978-11-01,67.19266999999999
1978-12-01,67.09087
1979-01-01,67.19266999999999
1979-02-01,66.98906
1979-03-01,67.5999
1979-04-01,68.41435
1979-05-01,69.0252
1979-06-01,69.12701
1979-07-01,69.73785
1979-08-01,69.0252
1979-09-01,69.94145999999999
1979-10-01,70.75591999999999
1979-11-01,70.45049
1979-12-01,70.95953
1980-01-01,71.57037
1980-02-01,72.18120999999998
1980-03-01,72.58844999999998
1980-04-01,73.91193
1980-05-01,74.52278000000001
1980-06-01,74.82819999999998
1980-07-01,74.93000999999998
1980-08-01,74.72639000000001
1980-09-01,75.94808
1980-10-01,76.1517
1980-11-01,76.2535
1980-12-01,76.04989
1981-01-01,76.86434
1981-02-01,76.76254
1981-03-01,76.96615
1981-04-01,77.57699000000001
1981-05-01,78.28964
1981-06-01,78.39145
1981-07-01,78.18784000000002
1981-08-01,77.88241999999998
1981-09-01,79.00229
1981-10-01,79.30771
1981-11-01,79.2059
1981-12-01,79.30771
1982-01-01,79.30771
1982-02-01,79.2059
1982-03-01,79.30771
1982-04-01,79.91856
1982-05-01,80.22398000000001
1982-06-01,80.22398000000001
1982-07-01,79.71494
1982-08-01,80.32578000000002
1982-09-01,81.54746999999999
1982-10-01,81.75108
1982-11-01,81.03843
1982-12-01,80.93661999999999
1983-01-01,81.03843
1983-02-01,80.73300999999998
1983-03-01,81.14024
1983-04-01,81.54746999999999
1983-05-01,82.36192
1983-06-01,81.85289
1983-07-01,81.54746999999999
1983-08-01,81.34385999999996
1983-09-01,82.26012
1983-10-01,82.97275999999998
1983-11-01,82.56554
1983-12-01,82.26012
1984-01-01,82.56554
1984-02-01,83.07458000000001
1984-03-01,83.17638000000002
1984-04-01,83.37999999999998
1984-05-01,83.99084
1984-06-01,83.37999999999998
1984-07-01,83.58360999999998
1984-08-01,82.87095999999998
1984-09-01,84.19445
1984-10-01,84.70348
1984-11-01,84.29626
1984-12-01,84.49987
1985-01-01,84.70348
1985-02-01,84.39806
1985-03-01,84.70348
1985-04-01,85.31433
1985-05-01,85.41614
1985-06-01,85.41614
1985-07-01,85.61974999999998
1985-08-01,85.41614
1985-09-01,85.51793999999998
1985-10-01,86.3324
1985-11-01,85.61974999999998
1985-12-01,85.72155999999998
1986-01-01,86.02698000000002
1986-02-01,85.92516999999998
1986-03-01,85.82335999999998
1986-04-01,86.12878
1986-05-01,86.3324
1986-06-01,85.92516999999998
1986-07-01,85.72155999999998
1986-08-01,85.51793999999998
1986-09-01,85.92516999999998
1986-10-01,86.02698000000002
1986-11-01,85.61974999999998
1986-12-01,85.41614
1987-01-01,85.11072
1987-02-01,85.11072
1987-03-01,85.41614
1987-04-01,86.23059
1987-05-01,86.3324
1987-06-01,86.23059
1987-07-01,85.82335999999998
1987-08-01,85.82335999999998
1987-09-01,86.63783000000002
1987-10-01,86.63783000000002
1987-11-01,86.23059
1987-12-01,86.12878
1988-01-01,85.82335999999998
1988-02-01,85.72155999999998
1988-03-01,86.02698000000002
1988-04-01,86.4342
1988-05-01,86.53601
1988-06-01,86.3324
1988-07-01,86.23059
1988-08-01,86.4342
1988-09-01,87.14686
1988-10-01,87.55408
1988-11-01,87.24866
1988-12-01,86.94324
1989-01-01,86.84144
1989-02-01,86.53601
1989-03-01,86.94324
1989-04-01,88.47034999999998
1989-05-01,88.97939000000001
1989-06-01,88.97939000000001
1989-07-01,88.77576999999998
1989-08-01,88.67396999999998
1989-09-01,89.48841999999999
1989-10-01,90.09926
1989-11-01,89.18299999999998
1989-12-01,89.28480999999998
1990-01-01,89.69203
1990-02-01,89.79384
1990-03-01,90.09926
1990-04-01,90.91372
1990-05-01,91.32095
1990-06-01,91.01553
1990-07-01,90.81191
1990-08-01,91.11733
1990-09-01,91.82998
1990-10-01,92.84805
1990-11-01,92.74625
1990-12-01,92.64444
1991-01-01,93.25528000000001
1991-02-01,92.94986
1991-03-01,93.45889
1991-04-01,93.96793
1991-05-01,94.47697
1991-06-01,94.06974
1991-07-01,93.96793
1991-08-01,94.17155
1991-09-01,94.37516
1991-10-01,95.39323
1991-11-01,95.49503
1991-12-01,95.08781
1992-01-01,94.88419
1992-02-01,94.78239
1992-03-01,95.29142
1992-04-01,96.30949
1992-05-01,96.30949
1992-06-01,96.30949
1992-07-01,95.49503
1992-08-01,95.80046
1992-09-01,96.30949
1992-10-01,96.30949
1992-11-01,96.20769000000001
1992-12-01,96.20769000000001
1993-01-01,96.10588000000001
1993-02-01,96.20769000000001
1993-03-01,96.4113
1993-04-01,97.12395
1993-05-01,97.12395
1993-06-01,97.12395
1993-07-01,97.32757
1993-08-01,97.63299
1993-09-01,97.73479
1993-10-01,97.63299
1993-11-01,97.12395
1993-12-01,97.12395
1994-01-01,97.22575
1994-02-01,97.22575
1994-03-01,97.73479
1994-04-01,97.93841
1994-05-01,98.04021
1994-06-01,97.63299
1994-07-01,97.12395
1994-08-01,97.63299
1994-09-01,97.93841
1994-10-01,98.34563
1994-11-01,98.04021
1994-12-01,97.8366
1995-01-01,97.8366
1995-02-01,97.53118
1995-03-01,97.42937
1995-04-01,97.73479
1995-05-01,97.93841
1995-06-01,97.8366
1995-07-01,97.32757
1995-08-01,97.42937
1995-09-01,98.04021
1995-10-01,97.73479
1995-11-01,97.42937
1995-12-01,97.42937
1996-01-01,97.32757
1996-02-01,97.12395
1996-03-01,97.32757
1996-04-01,97.93841
1996-05-01,98.14202
1996-06-01,97.8366
1996-07-01,97.73479
1996-08-01,97.63299
1996-09-01,98.04021
1996-10-01,98.24383
1996-11-01,97.93841
1996-12-01,98.04021
1997-01-01,97.93841
1997-02-01,97.73479
1997-03-01,97.8366
1997-04-01,99.77094
1997-05-01,99.97455
1997-06-01,99.97455
1997-07-01,99.56732
1997-08-01,99.66913
1997-09-01,100.3818
1997-10-01,100.6872
1997-11-01,99.97455
1997-12-01,99.77094
1998-01-01,99.66913
1998-02-01,99.56732
1998-03-01,99.97455
1998-04-01,100.1782
1998-05-01,100.4836
1998-06-01,100.0764
1998-07-01,99.46552
1998-08-01,99.36371
1998-09-01,100.1782
1998-10-01,100.8908
1998-11-01,100.789
1998-12-01,100.3818
1999-01-01,99.87274
1999-02-01,99.46552
1999-03-01,99.56732
1999-04-01,100.0764
1999-05-01,100.0764
1999-06-01,99.77094
1999-07-01,99.36371
1999-08-01,99.66913
1999-09-01,99.97455
1999-10-01,100.1782
1999-11-01,99.56732
1999-12-01,99.2619
2000-01-01,99.1601
2000-02-01,98.85467000000001
2000-03-01,99.05828
2000-04-01,99.2619
2000-05-01,99.36371
2000-06-01,99.1601
2000-07-01,98.85467000000001
2000-08-01,99.1601
2000-09-01,99.05828
2000-10-01,99.05828
2000-11-01,98.75286
2000-12-01,98.85467000000001
2001-01-01,98.85467000000001
2001-02-01,98.54925
2001-03-01,98.44744
2001-04-01,98.54925
2001-05-01,98.65105
2001-06-01,98.44744
2001-07-01,98.14202
2001-08-01,98.44744
2001-09-01,98.34563
2001-10-01,98.34563
2001-11-01,97.8366
2001-12-01,97.73479
2002-01-01,97.53118
2002-02-01,97.02214
2002-03-01,97.22575
2002-04-01,97.53118
2002-05-01,97.8366
2002-06-01,97.73479
2002-07-01,97.32757
2002-08-01,97.63299
2002-09-01,97.63299
2002-10-01,97.42937
2002-11-01,97.42937
2002-12-01,97.42937
2003-01-01,97.12395
2003-02-01,96.81853
2003-03-01,97.12395
2003-04-01,97.42937
2003-05-01,97.63299
2003-06-01,97.32757
2003-07-01,97.12395
2003-08-01,97.32757
2003-09-01,97.42937
2003-10-01,97.42937
2003-11-01,96.92033
2003-12-01,97.02214
2004-01-01,96.81853
2004-02-01,96.81853
2004-03-01,97.02214
2004-04-01,97.02214
2004-05-01,97.12395
2004-06-01,97.32757
2004-07-01,97.02214
2004-08-01,97.12395
2004-09-01,97.42937
2004-10-01,97.93841
2004-11-01,97.73479
2004-12-01,97.22575
2005-01-01,97.02214
2005-02-01,96.71672
2005-03-01,97.02214
2005-04-01,97.12395
2005-05-01,97.22575
2005-06-01,96.81853
2005-07-01,96.71672
2005-08-01,96.81853
2005-09-01,97.12395
2005-10-01,97.12395
2005-11-01,96.71672
2005-12-01,96.81853
2006-01-01,96.92033
2006-02-01,96.61491
2006-03-01,96.81853
2006-04-01,97.02214
2006-05-01,97.32757
2006-06-01,97.32757
2006-07-01,97.02214
2006-08-01,97.73479
2006-09-01,97.73479
2006-10-01,97.53118
2006-11-01,97.02214
2006-12-01,97.12395
2007-01-01,96.92033
2007-02-01,96.4113
2007-03-01,96.71672
2007-04-01,97.02214
2007-05-01,97.32757
2007-06-01,97.12395
2007-07-01,97.02214
2007-08-01,97.53118
2007-09-01,97.53118
2007-10-01,97.73479
2007-11-01,97.63299
2007-12-01,97.73479
2008-01-01,97.63299
2008-02-01,97.42937
2008-03-01,97.8366
2008-04-01,97.73479
2008-05-01,98.54925
2008-06-01,99.05828
2008-07-01,99.2619
2008-08-01,99.56732
2008-09-01,99.56732
2008-10-01,99.46552
2008-11-01,98.54925
2008-12-01,98.14202
2009-01-01,97.63299
2009-02-01,97.32757
2009-03-01,97.63299
2009-04-01,97.73479
2009-05-01,97.53118
2009-06-01,97.32757
2009-07-01,97.02214
2009-08-01,97.32757
2009-09-01,97.32757
2009-10-01,96.92033
2009-11-01,96.71672
2009-12-01,96.51311
2010-01-01,96.61491
2010-02-01,96.61491
2010-03-01,96.81853
2010-04-01,96.81853
2010-05-01,96.81853
2010-06-01,96.61491
2010-07-01,96.10588000000001
2010-08-01,96.20769000000001
2010-09-01,96.4113
2010-10-01,96.71672
2010-11-01,96.4113
2010-12-01,96.20769000000001
2011-01-01,96.10588000000001
2011-02-01,96.10588000000001
2011-03-01,96.30949
2011-04-01,96.4113
2011-05-01,96.4113
2011-06-01,96.30949
2011-07-01,96.30949
2011-08-01,96.4113
2011-09-01,96.4113
2011-10-01,96.51311
2011-11-01,95.90227
2011-12-01,96.00407000000001
2012-01-01,96.20769000000001
2012-02-01,96.4113
2012-03-01,96.81853
2012-04-01,96.92033
2012-05-01,96.61491
2012-06-01,96.10588000000001
2012-07-01,95.80046
2012-08-01,96.00407000000001
2012-09-01,96.10588000000001
2012-10-01,96.10588000000001
2012-11-01,95.80046
2012-12-01,95.80046
2013-01-01,95.90227
2013-02-01,95.69865
2013-03-01,95.90227
2013-04-01,96.20769000000001
2013-05-01,96.30949
2013-06-01,96.30949
2013-07-01,96.51311
2013-08-01,96.81853
2013-09-01,97.12395
2013-10-01,97.22575
2013-11-01,97.22575
2013-12-01,97.32757
2014-01-01,97.22575
2014-02-01,97.22575
2014-03-01,97.42937
2014-04-01,99.46552
2014-05-01,99.87274
2014-06-01,99.77094
2014-07-01,99.87274
2014-08-01,100.0764
2014-09-01,100.28
2014-10-01,99.97455
2014-11-01,99.66913
2014-12-01,99.66913
2015-01-01,99.56732
2015-02-01,99.36371
2015-03-01,99.66913
2015-04-01,100.1782
2015-05-01,100.4836
2015-06-01,100.1782
2015-07-01,100.0764
2015-08-01,100.1782
2015-09-01,100.28
2015-10-01,100.28
2015-11-01,99.87274
2015-12-01,99.87274
2016-01-01,99.46552
2016-02-01,99.56732
2016-03-01,99.66913
2016-04-01,99.87274
2016-05-01,99.97455
2016-06-01,99.87274
2016-07-01,99.66913
2016-08-01,99.66913
2016-09-01,99.77094
2016-10-01,100.3818
2016-11-01,100.3818
2016-12-01,100.1782
2017-01-01,99.97455
2017-02-01,99.87274
2017-03-01,99.87274
2017-04-01,100.28
2017-05-01,100.3818
2017-06-01,100.28
2017-07-01,100.0764
2017-08-01,100.28
2017-09-01,100.5854
2017-10-01,100.5854
2017-11-01,100.8908
2017-12-01,101.1962
2018-01-01,101.298
2018-02-01,101.298
2018-03-01,100.9926
2018-04-01,100.8908
2018-05-01,101.0944
2018-06-01,100.9926
2018-07-01,100.9926
2018-08-01,101.6035
2018-09-01,101.7053
2018-10-01,102.0107
2018-11-01,101.8071
2018-12-01,101.5017
2019-01-01,101.5017
2019-02-01,101.5017
2019-03-01,101.5017
2019-04-01,101.8071
2019-05-01,101.8071
2019-06-01,101.6035
2019-07-01,101.6035
2019-08-01,101.8071
2019-09-01,101.9089
2019-10-01,102.2143
2019-11-01,102.3161
2019-12-01,102.3161
2020-01-01,102.3161
2020-02-01,102.1125
2020-03-01,102.1125
2020-04-01,102.0107
2020-05-01,101.9089
2020-06-01,101.7053
2020-07-01,101.8071
2020-08-01,101.9089
2020-09-01,101.7053
2020-10-01,101.6035
2020-11-01,101.298
2020-12-01,101.0944
2021-01-01,101.6035
2021-02-01,101.6035
2021-03-01,101.7053
2021-04-01,100.8908
2021-05-01,101.1962
2021-06-01,101.298
2021-07-01,101.50181891348088
2021-08-01,101.50181891348088
2021-09-01,102.0113661971831
2021-10-01,101.8075472837022
2021-11-01,102.0113661971831
2021-12-01,102.0113661971831
2022-01-01,102.31709456740442
2022-02-01,102.72473239436619
2022-03-01,103.2342796780684
2022-04-01,103.74382696177061
2022-05-01,104.04955533199194
2022-06-01,104.04955533199194
2022-07-01,104.6610120724346
2022-08-01,105.17055935613682
2022-09-01,105.57819718309858
2022-10-01,106.29156338028169
2022-11-01,106.597291750503
2022-12-01,106.90302012072435
2023-01-01,107.514476861167
2023-02-01,106.69920120724346
2023-03-01,107.20874849094567
2023-04-01,108.0240241448692
2023-05-01,108.0240241448692
2023-06-01,108.12593360160965
2023-07-01,108.73739034205231
2023-08-01,109.04311871227364
2023-09-01,109.34884708249496
2023-10-01,110.46985110663984
2023-11-01,110.1641227364185
2023-12-01,110.06221327967806
2024-01-01,110.26603219315895
2024-02-01,110.1641227364185
2024-03-01,110.57176056338028
2024-04-01,111.08130784708248
2024-05-01,111.5908551307847
2024-06-01,111.69276458752513
2024-07-01,112.20231187122735
2024-08-01,112.91567806841046
2024-09-01,112.5080402414487
2024-10-01,113.32331589537223
2024-11-01,113.93477263581488
2024-12-01,114.64813883299799
2025-01-01,115.36150503018108
2025-02-01,114.85195774647887
2025-03-01,115.25959557344063
2025-04-01,115.66723340040241
2025-05-01,116.07487122736418
2025-06-01,115.97296177062373
2025-07-01,116.17678068410461
2025-08-01,116.38059959758552
2025-09-01,116.27869014084506
2025-10-01,117.19587525150905
2025-11-01,117.70542253521126
2025-12-01,117.50160362173037
2026-01-01,117.29778470824948
2026-02-01,116.48250905432594
2026-03-01,117.09396579476861
2026-04-01,117.50160362173037
2026-05-01,118.11306036217303
